score_type,method,score_result
f1,gpt_0,0.31390134529147984
f1,gpt_1,0.19323671497584538
f1,gpt_few,0.6064516129032258
f1,perspective,0.08372093023255814
precision,gpt_0,0.8333333333333334
precision,gpt_1,0.7692307692307693
precision,gpt_few,0.7286821705426356
precision,perspective,0.2647058823529412
recall,gpt_0,0.19337016574585636
recall,gpt_1,0.11049723756906077
recall,gpt_few,0.5193370165745856
recall,perspective,0.049723756906077346
